# This file contains French place names in French and Breton.
# It is used a by a rule that detects French spelling and
# propose the Breton spelling.
#
# It uses places names from the Apertium dictionary.
#
# Author: Dominique Pellé <dominique.pelle@gmail.com>
#
Abbaretz=Abarrez
Acheneau=Acheno
Acigné=Egineg
Aff=Av
Afrique=Afrika
Aigrefeuille-sur-Maine=Kelenneg-ar-Mewan
Albanie=Albania
Alger=Aljer
Algérie=Aljeria
Allaire=Alaer
Allemagne=Alamagn|bro-Alamagn
Allineuc=Alineg
Alsace=Elzas
Amanlis=Amanliz
Amérique=Amerika
Ancenis=Ankiniz
Andorre=Andorra
Andouillé-Neuville=Andolieg-Kernevez
Anetz=Arned
Angleterre=bro-Saoz
Anjou=Anjev
Antigua-et-Barbuda=Antigua ha Barbuda
Antrain=Entraven
Aquitaine=Akitania
Araize=Arez
Arbrissel=Ervrezhell
Arches=Evaz
Ardennes=Ardana
Argentine=Arc’hantina
Argentré-du-Plessis=Argantred-ar-Genkiz
Argoat=Argoad
Arguenon=Argenon
Armor=Arvor
Armorique=Arvorig
Arménie=Armenia
Arradon=Aradon
Arthon-en-Retz=Arzhon-Raez
Arzal=Arzhal
Arzano=An Arzhanaou
Arzon=Arzhon-Rewiz
Asie=Azia
Asserac=Azereg
Aubigné=Elvinieg
Aucaleuc=Oskaleg
Audierne=Gwaien
Augan=Algam
Aulne=Aon|Stêr-Aon
Auray=An Alre
Australie=Aostralia
Autriche-Hongrie=Aostria-Hungaria
Autriche=Aostria
Availles-sur-Seiche=Avallod-ar-Sec’h
Avessac=Avezeg
Azerbaïdjan=Azerbaidjan
Baguer-Morvan=Bagar-Morvan
Baguer-Pican=Bagar-Bihan
Bahreïn=Bahrein
Baillé=Balieg
Bain-de-Bretagne=Baen-Veur
Bain=Baen
Bains-sur-Oust=Baen-Ballon
Bais=Baez
Balazé=Belezeg
Bannalec=Banaleg
Barbechat=Bargazh
Barcelone=Barcelona
Bas-Leon=Goueled-Leon
Basse-Bretagne=Breizh-Izel|Goueled-Breizh
Basse-Cornouaille=Kerne-Izel
Basse-Goulaine=Goueled-Goulen
Basse-Loire=Goueled-Liger
Batz-sur-Mer=Bourc’h-Baz
Batz=Enez-Vaz
Baud=Baod
Baule-Escoublac=Ar Baol-Skoubleg
Baulon=Beloen
Baussaine=Baosan
Baye=Bei
Bayonne=Baiona
Bazouge-du-Désert=Bazeleg-an-Dezerzh
Bazouges-la-Pérouse=Bazeleg-ar-Veineg
Beaucé=Belzeg
Beignon=Benion
Belgique=Belgia
Belle-Isle-en-Terre=Benac’h
Belle-Île-en-Mer=Ar Gerveur
Belligné=Belenieg
Berhet=Berc’hed
Bernardière=Kervernarzh
Bernerie-en-Retz=Kerverner-Raez
Berné=Berne
Berre=Berrue
Berric=Berrig
Besné=Gwennenid
Betton=Lanvezhon
Beuzec-Cap-Sizun=Beuzeg-ar-C’hab
Bieuzy=Bizhui
Bignan=Begnen
Bilair=Biler
Billiers=Beler
Billio=Bilioù
Billé=Bilieg
Binic=Binig
Birmanie=Myanmar
Biélorussie=Belarus
Blain=Blaen
Blavet=Blavezh
Blosne=Blon
Bléruais=Blerwaz
Bobital=Bowidel
Bodilis=Bodiliz
Bodéo=Bodeoù
Bohars=Boc’harzh
Bois-de-Céné=Koad-Keneg
Boisgervilly=Koad-Yarnvili
Boissière-du-Doré=Beuzid-an-Doured
Boistrudan=Koetruzan
Boivre=Biver
Bolazec=Bolazeg
Bolivie=Bolivia
Bonnemain=Bonmaen
Bonnoeuvre=Banvre
Bono=Ar Bonoù
Boqueho=Boskazoù
Bordeaux=Bourdel
Bosse-de-Bretagne=Bosenn
Botmeur=Boneur
Botsorhel=Bodsorc’hel
Bouaye=Bouez
Bouguenais=Kervegon
Bouillie=Ar Vezvid
Bouin=Bonn
Boulogne=Bolon
Bourbriac=Boulvriag
Bourg-Blanc=Ar Vourc’h-Wenn
Bourg-des-Comptes=Gwikomm
Bourgbarré=Bourvarred
Bourgneuf-en-Retz=Bourc’hnevez-Raez
Bourseul=Boursaout
Boussac=Labouseg
Boussay=Beuzid-Klison
Bouvron=Bolvronn
Bouée=Bozeg
Bouëxière=Beuzid-ar-C’hoadoù
Brains=Brenn
Brandivy=Brandevi
Brasparts=Brasparzh
Brech=Brec’h
Brennilis=Brenniliz
Bretagne=Breizh|Breizh-Vihan
Breteil=Brezhiel
Brie=Brev
Briec=Brieg
Brielles=Brielloù
Brignac=Brennieg
Brignogan-Plage=Brignogan
Bringolo=Brengoloù
Brocéliande=Breselien
Broons=Bronn
Bruc-sur-Aff=Brug
Bruffière=Brufer
Brulais=Ar Brugeier
Brusvily=Bruzivili
Bréal-sous-Montfort=Breal-Moñforzh
Bréal-sous-Vitré=Breal-Gwitreg
Bréal=Breal
Brécé=Brec’heg
Bréhan=Brehant-Loudieg
Bréhand=Brehant-Monkontour
Brélidy=Brelidi
Brélès=Brelez
Brésil=Brazil
Bubry=Bubri
Bulat-Pestivien=Bulad-Pestivien
Bulgarie=Bulgaria
Buléon=Buelion
Bécherel=Begerel
Bédée=Bezeg
Béganne=Begaon
Bégard=Bear
Bénin=Benin
Bénodet=Benoded
Caden=Kaden
Caerphilly=Caerffili
Calan=Kalann
Calanhel=Kalanel
Callac=Kallag
Calorguen=Kerorgen
Camaret-sur-Mer=Kameled
Cambodge=Kambodja
Cambout=Ar C’hembod
Cameroun=Kameroun
Camlez=Kamlez
Camors=Kamorzh
Camoël=Kamoel
Campbon=Kambon
Campel=Kempel
Campénéac=Kempenieg
Canada=Kanada
Cancale=Kankaven
Canihuel=Kanuhel
Cantache=Kalañch
Caouënnec-Lanvézéac=Kaouenneg-Lanvezeeg
Cap-Sizun=Ar C’hab
Cap-Vert=Kab Glas
Carantec=Karanteg
Cardiff=Caerdydd
Cardroc=Kerdreg
Carentoir=Karantoer
Carhaix-Plouguer=Karaez-Plougêr
Carhaix=Karaez
Carmarthen=Caerfyrddin
Carnac=Karnag
Carnoët=Karnoed
Caro=Karozh
Carquefou=Kerc’hfaou
Casson=Kazon
Cast=Kast
Catalogne=Katalonia
Caucase=Kaokaz
Caudan=Kaodan
Caulnes=Kaon
Caurel=Kaorel
Cavan=Kawan
Cellier=Keller
Celtie=Keltia
Cens=Kent
Cesson-Sévigné=Saozon-Sevigneg
Champeaux=Kampal
Champs-Géraux=Maez-Geraod
Chancé=Kantieg
Chanteloup=Kantlou
Chantepie=Kantpig
Chapelle-Basse-Mer=Chapel-Baz-Meur
Chapelle-Blanche=Ar Chapel-Wenn
Chapelle-Bouëxic=Chapel-ar-Veuzid
Chapelle-Caro=Chapel-Karozh
Chapelle-Chaussée=Chapel-ar-Galc’hed
Chapelle-Erbrée=Ar Chapel-Ervoreg
Chapelle-Gaceline=Ar Chapel-Wagelin
Chapelle-Glain=Chapel-Glenn
Chapelle-Heulin=Chapel-Huelin
Chapelle-Janson=Chapel-Yent
Chapelle-Launay=Chapel-ar-Wern
Chapelle-Neuve=Ar Chapel-Nevez
Chapelle-Saint-Aubert=Chapel-Sant-Alverzh
Chapelle-Saint-Sauveur=Chapel-ar-Salver
Chapelle-Thouarault=Bredual
Chapelle-aux-Filzméens=Chapel-Hilveven
Chapelle-de-Brain=Chapel-Braen
Chapelle-des-Fougeretz=Chapel-Felgeriz
Chapelle-des-Marais=Chapel-ar-Geunioù
Chapelle-du-Lou=Chapel-al-Loc’h
Chapelle-sur-Erdre=Chapel-Erzh
Chartres-de-Bretagne=Karnod
Chasné-sur-Illet=Kadeneg
Chauvigné=Kelvinieg
Chauvé=Kalveg
Chavagne=Kavan
Cheix-en-Retz=Keiz-Raez
Chelun=Kelon
Cherrueix=Kerruer
Chevaigné=Kavaneg
Chevallerais=Kergaval
Chevrolière=Kerc’hevrel
Chili=Chile
Chine=Sina
Chypre=Republik Kiprenez
Châteaubourg=Kastell-Bourc’h
Châteaubriant=Kastell-Briant
Châteaugiron=Kastell-Geron
Châteaulin=Kastellin
Châteauneuf-du-Faou=Kastell-Nevez-ar-Faou
Châteauneuf-d’Ille-et-Vilaine=Kastell-Noez
Châteauneuf=Kastell-Nevez
Châteauthébaud=Kastell-Tepaod
Châtelaudren=Kastellaodren
Châtellier=Kasteller
Châtillon-en-Vendelais=Kastellan-Gwennel
Chèze=Kez
Chéméré=Keverieg
Chézine=Kezin
Cintré=Kentreg
Claie=Klez
Clayes=Kloued
Clisson=Klison
Clohars-Carnoët=Kloar-Karnoed
Clohars-Fouesnant=Kloar-Fouenant
Cloître-Pleyben=Kloastr-Pleiben
Cloître-Saint-Thégonnec=Ar C’hloastr-Plourin
Cléden-Cap-Sizun=Kledenn-ar-C’hab
Cléden-Poher=Kledenn-Poc’hêr
Cléder=Kleder
Cléguer=Kleger
Cléguérec=Klegereg
Coadout=Koadoud
Coat-Méal=Koz-Meal
Coatascorn=Koadaskorn
Coatréven=Koatreven
Coglès=Gougleiz
Cohiniac=Kaouennieg
Collinée=Koedlinez
Collorec=Koloreg
Colombie=Kolombia
Colpo=Kolpoù
Comblessac=Kamlec’hieg
Combourg=Komborn
Combourtillé=Komorzhel
Combrit=Kombrid
Commana=Kommanna
Comores=Komorez
Concarneau=Konk-Kerne
Concoret=Konkored
Confort-Meilars=Koñforzh-Meilar
Congo=Kongo
Conquereuil=Konkerel
Conquet=Konk-Leon
Coray=Kore
Corcoué-sur-Logne=Kerc’haoueg
Cordemais=Kordevez
Cork=Korkig
Corlay=Korle
Cornillé=Kornilieg
Cornouaille=Kerne|Kernev|bro-Gerne|bro-Gernev
Cornouailles=Kernev-Veur
Corps-Nuds=Kornuz
Corse=Korsika
Corsept=Korzed
Corseul=Kersaout
Corée=Korea
Couesnon=Kouenon
Couffé=Koufeg
Cournon=Kornon
Cours=Ar C’hour
Couyère=Ar Gouer
Couëron=Koeron
Coësmes=Koem
Coëtlogon=Koedlogon
Coëtmieux=Koedmaeg
Crach=Krac’h
Croatie=Kroatia
Croisic=Ar Groazig
Croisty=Ar C’hroesti
Croix-Helléan=Ar Groez-Helean
Croixanvec=Kroeshañveg
Crossac=Kroazieg
Crouais=Ar Groez
Crozon=Kraozon
Cruguel=Krugell
Crédin=Kerzhin
Créhen=Krehen
Crévin=Kreven
Cuba=Kuba
Cugand=Kugant
Cuguen=Kugenn
Côtes-du-Nord=Aodoù-an-Hanternoz
Danemark=Danmark
Daoulas=Daoulaz
Derval=Derwal
Dinard=Dinarzh
Dingé=Dingad
Dinéault=Dineol
Dirinon=Dirinonn
Dol-de-Bretagne=Dol
Dolo=Doloù
Domagné=Dovanieg
Domalain=Domalan
Dominelais=Doveneleg
Dompierre-du-Chemin=Dompêr-an-Hent
Domploup=Domloup
Donges=Donez
Doré=Dore
Dourcane=Dourkamm|Richer Dourkamm
Dourdain=Dourdan
Drefféac=Devrieg
Drennec=An Dreneg
Drouges=Drougez
Duault=Duaod
Dublin=Dulenn
Eancé=Aentieg
Elliant=Eliant
Ellé=Ele
Epiniac=Sperneg
Erbray=Ervoreg
Erbrée=Ervored
Ercé-en-Lamée=Herzieg-Mez
Ercé-près-Liffré=Herzieg-Liverieg
Erdeven=An Ardeven
Erdre=Erzh
Ergué-Armel=An Erge-Vihan
Ergué-Gabéric=An Erge-Vras
Erquy=Erge-ar-Mor
Eréac=Erieg
Espagne=Spagn|bro-Spagn
Esquibien=An Eskevien
Essé=Ezieg
Estonie=Estonia
Etel=An Intel
Etrelles=Stredell
Europe=Europa
Evran=Evrann
Evriguet=Evriged
Faouët=Ar Faoued|Ar Faoued-Pontrev
Fay-de-Bretagne=Faouell
Feins=Finioù
Fercé=Ferreg
Ferrière=Kerhouarn
Ferré=Ferred
Feuillée=Ar Fouilhez
Finlande=Finland
Fleurigné=Flurinieg
Florence=Firenze
Flèche=Saezh
Folgoët=Ar Folgoad
Fontenelle=Ar Fantanig
Forest-Landerneau=Ar Forest-Landerne
Forges=Ar Govelioù
Forêt-Fouesnant=Ar Forest-Fouenant
Fouesnant=Fouenant
Fougerêts=Felgerieg-al-Lann
Fougères=Felger
France=Frañs|bro-C’hall
Fresnais=An Onneg
Fresnaye-en-Retz=Onnod-Raez
Fresne-sur-Loire=Runonn
Frossay=Frozieg
Fréhel=Frehel
Fégréac=Fegerieg
Férel=Ferel
Fœil=Ar Fouilh
Gacilly=Gazilieg
Gahard=Gwaharzh
Galice=Galiza
Gambie=Gambia
Gand=Gent
Garlan=Garlann
Gaule=Galia
Gausson=Gwalc’hion
Geneston=Banaleg-ar-Gevred
Gennes-sur-Seiche=Gen
Gestel=Yestael
Gesvres=Gevr
Gibraltar=Jibraltar
Glaine=Glenn
Glasgow=Glasc’ho
Glomel=Groñvel
Glénac=Glenneg
Gobie=Gobi
Gommenec’h=Gouanac’h
Goméné=Gouvene
Gorges=Gored
Gosné=Goneg
Gouarec=Gwareg
Gouesnach=Gouenac’h
Gouesnière=Gouenaer
Gouesnou=Gouenoù
Gouessant=Gouesan
Gouray=Gorre
Gourhel=Gourhael
Gouézec=Gouezeg
Grand-Auverné=Arwerneg-Veur
Grand-Champ=Gregam
Grand-Fougeray=Felgerieg-Veur
Grandchamps-des-Fontaines=Gregamp-ar-Feunteunioù
Grand’Landes=Lanveur-ar-Marzoù
Grigonnais=Kerrigon
Groenland=Greunland
Groix=Groe
Grâce-Uzel=Gras-Uzel
Grâces=Gras-Gwengamp
Grèce=Gres|bro-C’hres
Grée-Saint-Laurent=Ar C’hrav-Sant-Laorañs
Guadeloupe=Gwadeloup
Gueltas=Gweltaz
Guengat=Gwengad
Guenroc=Gwenroc’h
Guenrouet=Gwenred
Guer=Gwern-Porc’hoed
Guerche-de-Bretagne=Gwerc’h-Breizh
Guerlesquin=Gwerliskin
Guern=Gwern
Guernesey=Gwernenez
Guerno=Ar Gwernoù
Guichen=Gwizien
Guiclan=Gwiglann
Guidel=Gwidel
Guignen=Gwinien
Guiler-sur-Goyen=Gwiler-Kerne
Guilers=Gwiler-Leon
Guillac=Gilieg
Guilliers=Gwiler-Porc’hoed
Guilligomarc’h=Gwelegouarc’h
Guilvinec=Ar Gelveneg
Guimaëc=Gwimaeg
Guimiliau=Gwimilio
Guingamp=Gwengamp
Guinée=Ginea
Guipavas=Gwipavaz
Guipel=Gwipedel
Guipronvel=Gwiproñvel
Guipry=Gwipri
Guiscriff=Gwiskri
Guisseny=Gwiseni
Guitté=Gwitei
Gurunhuel=Gurunuhel
Guyana=Gwiana
Guégon=Gwegon
Guéhenno=Gwezhennoù
Guéméné-Penfao=Gwenvenez-Penfaou
Guéméné-sur-Scorff=Ar Gemene
Guéméné=Gwenvenez
Guénin=Gwennin
Guérande=Gwenrann
Gâvre=Ar C’havr
Gâvres=Gavr
Gétigné=Yestinieg
Gévézé=Gevrezeg
Hanvec=Hañveg
Harmoye=Lanhervoed
Haut-Corlay=Ar Gozh-Korle
Haut-Karabagh=Nagorno-Karabac’h
Haut-Leon=Gorre-Leon
Haute-Bretagne=Breizh-Uhel|Gorre-Breizh
Haute-Cornouaille=Kerne-Uhel
Haute-Goulaine=Gorre-Goulen
Haye-Fouassière=An Hae-Foazer
Haïti=Republik Haiti
Helléan=Helean
Hengoat=Hengoad
Hennebont=Henbont
Henvic=Henvig
Herbignac=Erbigneg
Hermitage-Lorge=Peniti-Koedrac’h
Hermitage=Ar Peniti
Hillion=Hilion
Hinglé=An Hengleuz
Hocmard=Haelgouarc’h
Hoedic=Edig
Hongrie=Hungaria
Houat=Houad
Huelgoat=An Uhelgoad
Hyères=Iêr|Stêr-Iêr
Hâvre=Havr
Hédé=Hazhoù
Hémonstoir=Henvoustoer
Hénanbihen=Henant-Bihan
Hénansal=Henant-Sal
Hénon=Henon
Héric=Hierig
Hézo=Hezoù
Hôpital-Camfrout=An Ospital
Iffendic=Ilfentig
Iffs=An Ivineg
Ilet=Iled
Ille=Il
Illet=Ilan
Illifaut=Ilifav
Inam=Stêr Laer
Inde=India
Indes=Indez
Indonésie=Indonezia
Indre=Antr
Inguiniel=An Ignel
Inzinzac-Lochrist=Zinzag-Lokrist
Irlande=Iwerzhon|bro-Iwerzhon
Irodouër=Irodouer
Iroise=Hirwazh
Irvillac=Irvilhag
Ise=Iz
Islande=Island
Israël=Israel
Issé=Izeg
Italie=Italia
Jans=Hentieg
Janzé=Gentieg
Japon=Japan
Jaudy=Yeodi
Javené=Yaoueneg
Jersey=Jerzenez
Jordanie=Jordania
Josselin=Josilin
Joué-sur-Erdre=Yaoued
Juch=Ar Yeuc’h
Jugon-les-Lacs=Lanyugon
Juigné-des-Moutiers=Yaoueneg-ar-Mousterioù
Jérusalem=Jeruzalem
Kazakhstan=Kazakstan
Kerbors=Kerborzh
Kerfot=Kerfod
Kerfourn=Kerforn
Kergloff=Kerglof
Kergrist-Moëlou=Kergrist-Moeloù
Kermaria-Sulard=Kervaria-Sular
Kermoroc’h=Kervoroc’h
Kernascléden=Kernaskledenn
Kernilis=Kerniliz
Kernouës=Kernouez
Kerpert=Kerbêr
Kersaint-Plabennec=Kersent-Plabenneg
Kervignac=Kervignag
Kirghizistan=Kirgizstan
Koweït=Koweit
Kérien=Kerien-Boulvriag
Laignelet=Kernoanig
Laillé=Lalieg
Lalleu=An Alloz
Lamballe=Lambal
Lampaul-Guimiliau=Lambaol-Gwimilio
Lampaul-Plouarzel=Lambaol-Blouarzhel
Lampaul-Ploudalmezeau=Lambaol-Gwitalmeze
Lanarvily=Lannarvili
Lancieux=Lanseeg
Landaul=Landaol
Landebaëron=Landebaeron
Landec=Lannandeg
Landeleau=Landelo
Landerneau=Landerne
Landivisiau=Landivizio
Landreau=Lannerell
Landrévarzec=Landrevarzeg
Landudec=Landudeg
Landéan=Landean
Landébia=Landebiav
Landéda=Landeda
Landéhen=Landehen
Landévant=Landevan
Landévennec=Landevenneg
Lanester=Lannarstêr
Lanfains=Lanfeun
Langast=Lanwal
Langoat=Langoad
Langon=Landegon
Langonnet=Langoned
Langouet=Langoed
Langourla=Langourlae
Langoëlan=Lanwelan
Langrolay-sur-Rance=Langorlae
Langueux=Langaeg
Languidic=Langedig
Languédias=Langadiarn
Languénan=Langenan
Lanhouarneau=Lanhouarne
Lanhélin=Lanhelen
Lanildut=Lannildud
Laniscat=Lanniskad
Lanleff=Lanleñv
Lanloup=Sant-Loup
Lanmeur=Lanneur
Lanmodez=Lanvaodez
Lanmérin=Lanvilin
Lannebert=Lannebeur
Lanneuffret=Lanneured
Lannilis=Lanniliz
Lannion=Lannuon
Lannéanou=Lanneanoù
Lannédern=Lannedern
Lanouée=Lannoez
Lanrelas=Lanrelaz
Lanrivain=Larruen
Lanrivoaré=Lañriware
Lanrodec=Lanrodeg
Lantic=Lannidig
Lantillac=Lantilieg
Lanvallay=Lanvalae
Lanvaudan=Lanvodan
Lanvellec=Lanvaeleg
Lanvollon=Lannolon
Lanvénégen=Lannejenn
Lanvéoc=Lañveog
Larmor-Baden=An Arvor-Baden
Larmor-plage=An Arvor
Larré=Lare
Lassy=Lazig
Laurenan=Lanreunan
Lauzach=Laozag
Lavau-sur-Loire=Gwal-Liger
Laïta=Laeta|Stêr Gemperle
Leff=Leñv
Legé=Levieg
Lescouët-Gouarec=Leskoed-Gwareg
Leslay=Al Leslae
Lettonie=Latvia
Leuhan=Leuc’han
Libye=Libia
Libéria=Liberia
Lieuron=Luzron
Liffré=Liverieg
Lignol=An Ignol
Ligné=Legneg
Lillemer=Enez-Veur
Limerzel=Lizmerzher
Limouzinière=Kerlouevig
Lithuanie=Lituania
Livré-sur-Changeon=Liverieg-Kenton
Lizio=Lizioù
Lié=Eler
Loc-Brévalaire=Loprevaler
Loc-Eguiner-Saint-Thégonnec=Logeginer-Sant-Tegoneg
Loc-Eguiner=Logeginer-Plouziri
Loc-Envel=Lokenvel
Locarn=Lokarn
Locmalo=Lokmac’hloù
Locmaria-Berrien=Lokmaria-Berrien
Locmaria-Grand-Champ=Lokmaria-Gregam
Locmaria-Plouzané=Lokmaria-Plouzane
Locmaria=Lokmaria-ar-Gerveur
Locmariaquer=Lokmaria-Kaer
Locminé=Logunec’h
Locmiquélic=Lokmikaelig
Locmélar=Lokmelar
Locoal-Mendon=Lokoal-Mendon
Locqueltas=Lokeltaz
Locquirec=Lokireg
Locquénolé=Lokenole
Locronan=Lokorn
Loctudy=Loktudi
Locunolé=Lokunole
Logne=Lon
Logonna-Daoulas=Logonna-Daoulaz
Loguivy-Plougras=Logivi-Plougraz
Loguivy=Logivi
Lohuec=Lohueg
Lohéac=Lohieg
Loire-Inférieure=Liger-Izelañ
Loire=Liger
Londres=Londrez
Longaulnay=Hirwerneg
Loperhet=Loperc’hed
Lopérec=Lopereg
Loqueffret=Lokeored
Lorient=An Oriant
Loroux-Bottereau=Lavreer-Botorel
Loroux-du-Désert=Lavreer-an-Dezerzh
Loroux=Lavreer
Lorraine=Loren
Loscouët-sur-Meu=Loskoed-ar-Mozon
Lothey=Lotei
Lou-du-Lac=Al Loc’h
Louannec=Louaneg
Louargat=Louergad
Loudéac=Loudieg
Louisfert=Lufer
Lourdes=Lourdez
Lourmais=An Oulmeg
Louvigné-de-Bais=Louvigneg-Baez
Louvigné-du-Désert=Louvigneg-an-Dezerzh
Loyat=Louad
Luitré=Loezherieg
Lusanger=Luzevieg
Luxembourg=Luksembourg
Lécousse=Eskuz
Léguer=Leger
Léhon=Lehon
Léry=Leri
Lézardrieux=Lezardrev
Machecoul=Machikoul
Macédoine=Makedonia
Madagascar=Madagaskar
Magoar=Magor
Maine=Mewan
Maisdon-sur-Sèvre=Maezon-ar-Gwini
Malaisie=Malaysia
Malansac=Malañseg
Malestroit=Malastred
Malguénac=Malgeneg
Malhoure=Lanvelor
Malte=Malta
Malville=Kerwall
Manche=Mor Breizh
Mantallot=Mantallod
Marcillé-Raoul=Marc’helleg-Raoul
Marcillé-Robert=Marc’helleg-Roperzh
Marne=Maeron
Maroc=Maroko
Marpiré=Marbereg
Marsac-sur-Don=Marzheg
Martigné-Ferchaud=Marzhinieg-Houarnruz
Martinique=Martinik
Martyre=Ar Merzher-Salaun
Marzan=Marzen
Massérac=Merzhereg
Maumusson=Malvegon
Maure-de-Bretagne=Anast
Maurice=Maoris|Moris
Mauritanie=Maouritania
Mauron=Maoron
Mauves-sur-Loire=Malvid
Maxent=Skirioù-Masen
Maël-Carhaix=Mêl-Karaez
Maël-Pestivien=Mael-Pestivien
Mecé=Mezieg
Meillac=Melieg
Meilleraye-de-Bretagne=Melereg-Breizh
Melesse=Meled
Melgven=Mêlwenn
Mellac=Mellag
Mellionnec=Melioneg
Mellé=Melleg
Melrand=Mêlrant
Merdrignac=Medrigneg
Merlevenez=Brelevenez
Merléac=Merleag
Mernel=Merenell
Merzer=Ar Merzher-Gwengamp
Meslan=Mêlann
Meslin=Melin
Mespaul=Mespaol
Mesquer=Mesker
Messac=Mezeg
Meu=Mozon
Meucon=Meukon
Mexique=Mec’hiko
Milizac=Milizag
Minette=Mined
Miniac-Morvan=Minieg-Morvan
Miniac-sous-Bécherel=Minieg-Begerel
Minihic-sur-Rance=Minic’hi-Poudour
Minihy-Tréguier=Ar Vinic’hi
Missilac=Merzhelieg
Missiriac=Megerieg
Mohon=Mozhon
Moines=Enizenac’h
Moisdon-la-Rivière=Maezon-ar-Stêr
Molac=Moulleg
Moldavie=Moldova
Monaco=Monako
Moncontour=Monkontour
Mondevert=Mondeverzh
Monmouth=Menoe
Monnières=Meliner
Mont-Dol=Menez-Dol
Montagne=Ar Menez
Montauban=Menezalban
Montautour=Menezaoter
Montbert=Monteverzh
Monteneuf=Monteneg
Monterblanc=Sterwenn
Monterfil=Mousterfil
Monterrein=Mousterrin
Montertelot=Mousterdelav
Montfort-sur-Meu=Moñforzh
Montgermont=Menezgervant
Monthault=Brennaod
Montoir-de-Bretagne=Mouster-al-Loc’h
Montours=Montourz
Montrelais=Mousterlez
Montreuil-des-Landes=Mousterel-al-Lann
Montreuil-le-Gast=Mousterel-ar-Gwast
Montreuil-sous-Pérouse=Mousterel-ar-Veineg
Montreuil-sur-Ille=Mousterel-an-Il
Monténégro=Montenegro
Mordelles=Morzhell
Morieux=Morieg
Morlaix=Montroulez
Moréac=Mourieg
Motreff=Motrev
Motte=Ar Voudenn|moudenn
Mouais=Lanvoe
Mouazé=Moezeg
Moulins=Melined
Moussé=Moc’heg
Moustoir-Ac=Moustoer-Logunec’h
Moustoir-Remungol=Moustoer-Remengol
Moustoir=Ar Vouster
Moustéru=Mousteruz
Moutiers-en-Retz=Mousteroù-Raez
Moutiers=Mousterioù
Mouzeil=Mouzel
Mouzillon=Maodilon
Mozambique=Mozambik
Moëlan-sur-Mer=Molan
Muel=Moel
Muzillac=Muzilheg
Méaugon=Lanvealgon
Médréac=Mederieg
Mée=Mez
Mégrit=Megrid
Ménéac=Menieg
Mérillac=Merelieg
Mésanger=Mezansker
Mézière=Magoer
Mézières-sur-Couesnon=Magoerioù-ar-C’houenon
Mûr-de-Bretagne=Mur
Naizin=Neizin
Namibie=Namibia
Nantes=Naoned
Nançon=Nanton
Neulliac=Neulieg
Newport=Casnewydd
Nice=Nisa
Nivillac=Nivilieg
Normandie=Normandi
Nort-sur-Erdre=Enorzh
Norvège=Norvegia
Nostang=Lostenk
Notre-Dame-des-Landes=Kernitron-al-Lann
Nouaye=Lanwaz
Nouvelle-Zélande=Zeland-Nevez
Nouvoitou=Neveztell
Noyal-Châtillon-sur-Seiche=Noal-Kastellan
Noyal-Muzillac=Noal-Muzilheg
Noyal-Pontivy=Noal-Pondi
Noyal-sous-Bazouges=Noal-Bazeleg
Noyal-sur-Brutz=Noal-ar-Bruz
Noyal-sur-Vilaine=Noal-ar-Gwilen
Noyal=Noual-Pentevr
Noyalo=Noaloù
Nozay=Nozieg
Noë-Blanche=Ar Wazh-Wenn
Néant-sur-Yvel=Neant
Népal=Nepal
Névez=Nevez
Occitanie=Okitania
Odet=Oded|Stêr Oded
Orgères=An Heizeg
Orvault=Orvez
Ossé=Oc’heg
Ouessant=Eusa
Oust=Oud
Ouzbékistan=Ouzbekistan
Oyon=Oud
Pacé=Pazieg
Paimboeuf=Pembo
Paimpol=Pempoull
Paimpont=Pempont
Palais=Porzh-Lae
Palestine=Palestina
Pallet=Ar Palez
Pancé=Pantieg
Pannecé=Panezeg
Papouasie-Nouvelle-Guinée=Papoua Ginea-Nevez
Parcé=Parzieg
Parigné=Parinieg
Paris=Pariz
Parthenay-de-Bretagne=Parzheneg
Paule=Paoul
Paulx=Palud
Peillac=Paolieg
Pellerin=Pentelloù
Pembroke=Penfro
Pencran=Penn-ar-C’hrann
Penguily=Pengilli
Penmarch=Penmarc’h
Penthièvre=Pentevr
Penvénan=Perwenan
Perret=Perred
Perros-Guirec=Perroz-Gireg
Persquen=Persken
Pertre=Ar Perzh
Petit-Auverné=Arwerneg-Vihan
Petit-Don=Don Vihan
Petit-Fougeray=Felgerieg-Vihan
Petit-Mars=Kervarc’h
Peumerit=Purid
Peumeurit-Quintin=Purid-Kintin
Pierric=Pierig
Pin=Ar Bineg
Pipriac=Presperieg
Piriac-sur-Mer=Penc’herieg
Piré-sur-Seiche=Pereg
Plabennec=Plabenneg
Plaine-Haute=Plenaod
Plaine-sur-Mer=Plaen-Raez
Plaintel=Pleneventer
Planche=Ar Plank
Plancoët=Plangoed
Planguenoual=Plangonwal
Plaudren=Plaodren
Pleguien=Plian
Pleine-Fougères=Planfili
Plerguer=Plergar
Plerneuf=Plerneg
Plescop=Pleskob
Plesder=Pleder
Pleslin-Trigavou=Plelin-Tregavoù
Plessala=Plesala
Plessix-Balisson=Ar Genkiz-Yuzhael
Plessé=Plesei
Plestin-les-Grèves=Plistin
Pleubian=Pleuvihan
Pleucadeuc=Plegadeg
Pleudaniel=Planiel
Pleudihen-sur-Rance=Pleudehen
Pleugriffet=Ploueg-Grifed
Pleugueneuc=Plegeneg
Pleumeleuc=Pleveleg
Pleumeur-Bodou=Pleuveur-Bodoù
Pleumeur-Gautier=Pleuveur-Gaoter
Pleurtuit=Pleurestud
Pleuven=Pluwenn
Pleyben=Pleiben
Pleyber-Christ=Pleiber-Krist
Plobannalec=Pornaleg
Ploemel=Pleñver
Ploemeur=Plañvour
Ploeren=Ploveren
Ploeuc-sur-Lié=Ploheg
Plogastel-Saint-Germain=Plogastell-Sant-Jermen
Plogoff=Plougoñ
Plogonnec=Plogoneg
Plomelin=Ploveilh
Plomeur=Ploveur
Plomodiern=Ploudiern
Plonéis=Ploneiz
Plonéour-Lanvern=Ploneour-Lanwern
Plonévez-Porzay=Plonevez-Porzhe
Plonévez-du-Faou=Plonevez-ar-Faou
Plonévez=Plonevez
Plorec-sur-Arguenon=Ploareg
Plouagat=Plagad
Plouaret=Plouared
Plouarzel=Plouarzhel
Plouasné=Plouan
Plouay=Ploue
Ploubalay=Plouvalae
Ploubazlanec=Plaeraneg
Ploubezre=Ploubêr
Ploudalmézeau=Gwitalmeze
Ploudaniel=Plouzeniel
Ploudiry=Plouziri
Plouescat=Ploueskad
Plouezec=Ploueg|Ploueg-ar-Mor
Plougar=Gwikar
Plougasnou=Plouganoù
Plougastel-Daoulas=Plougastell-Daoulaz
Plougastel=Plougastell
Plougonvelin=Plougonvelen
Plougonver=Plougonveur
Plougoulm=Plougouloum
Plougoumelen=Plougouvelen
Plougourvest=Gwikourvest
Plougras=Plougraz
Plougrescant=Plougouskant
Plouguenast=Plougonwaz
Plouguerneau=Plougerne
Plouguernével=Plougernevel
Plouguiel=Priel
Plouguin=Plougin
Plouhinec=Pleheneg|Ploeneg
Plouigneau=Plouigno
Plouisy=Plouizi
Ploumagoar=Plouvagor
Ploumilliau=Plouilio
Ploumoguer=Plonger
Plounevez-Quintin=Plounevez-Kintin
Plounéour-Menez=Plouneour-Menez
Plounéour-Trez=Plouneour-Traezh
Plounéour=Plouneour
Plounérin=Plounerin
Plounéventer=Gwineventer
Plounévez-Lochrist=Gwinevez
Plounévez-Moëdec=Plounevez-Moedeg
Plounévezel=Plonevell
Plouray=Plourae
Plourhan=Plourc’han
Plourin-lès-Morlaix=Plourin-Montroulez
Plourin=Plourin-Gwitalmeze
Plourivo=Plourivoù
Plouyé=Plouie
Plouzané=Plouzane
Plouzélambre=Plouzelambr
Plouzévédé=Gwitevede
Plouégat-Guérand=Plegad-Gwerann
Plouégat-Moysan=Plegad-Moezan
Plouénan=Plouenan
Plouézoch=Plouezoc’h
Plouëc-du-Trieux=Ploueg-Pontrev
Plouër-sur-Rance=Plouhern
Plozévet=Plozeved
Ploërdut=Pleurdud
Ploërmel=Ploermael
Ploëzal=Pleuzal
Pludual=Plua
Pluduno=Pludunoù
Pluguffan=Pluguen
Pluherlin=Pluhernin
Plumaudan=Pluvaodan
Plumaugat=Pluvaelgad
Plumelec=Pluveleg
Plumelin=Pluverin
Plumergat=Pluvergad
Plumieux=Pluvaeg
Pluméliau=Pluniav
Pluneret=Plunered
Plusquellec=Pluskelleg
Plussulien=Plusulian
Pluvigner=Pleuwigner
Pluzunet=Plûned
Pléboulle=Pleboull
Pléchâtel=Plegastell
Plédran=Pledran
Plédéliac=Pledeliav
Plélan-le-Grand=Plelann-Veur
Plélan-le-Petit=Plelann-Vihan
Plélan=Plelann
Plélauff=Pellann
Plélo=Pleuloc’h
Plémet=Plezeved
Plémy=Plevig
Pléneuf-Val-André=Pleneg-Nantraezh
Plénée-Jugon=Plened-Yugon
Plérin=Plerin
Plésidy=Plijidi
Pléven=Pleven
Plévin=Plevin
Pocé-les-Bois=Pozieg
Poher=Poc’hêr
Poilley=Polieg
Poligné=Polinieg
Pologne=Polonia
Pommeret=Peuñvrid
Pommerit-Jaudy=Peurid-ar-Roc’h
Pommerit-le-Vicomte=Pañvrid-ar-Beskont
Pont-Croix=Pontekroaz
Pont-L’Abbé=Pont-’n-Abad
Pont-Péan=Pont-Pagan
Pont-Saint-Martin=Pont-Marzhin
Pont-Scorff=Pont-Skorf
Pont-de-Buis-lès-Quimerc’h=Pont-ar-Veuzenn-Kimerc’h
Pontchâteau=Pontkastell-Keren
Ponthou=Ar Pontoù
Pontivy=Pondi
Pontrieux=Pontrev
Porcaro=Porzh-Karozh
Pordic=Porzhig
Porhoët=Porc’hoed
Pornic=Pornizh
Pornichet=Pornizhan
Port-Launay=Meilh-ar-Wern
Port-Louis=Porzh-Loeiz
Port-Saint-Père=Porzh-Pêr
Porzay=Porzhe
Poudouvre=Poudour
Pouillé-les-Côteaux=Paolieg-ar-Rozioù
Pouldergat=Pouldregad
Pouldreuzic=Pouldreuzig
Poulet=Poualed
Pouliguen=Ar Poulgwenn
Poullan-sur-Mer=Poullann
Prat=Prad
Prederion=Branderion
Primelin=Prevel
Princé=Priskieg
Prinquiau=Prevenkel
Priziac=Prizieg
Préfailles=Pradvael
Prénessaye=Perenezeg
Puceul=Puñsel
Péaule=Pleaol
Pédernec=Pederneg
Pénestin=Pennestin
Pérou=Perou
Qatar=Katar
Quelneuc=Kelenneg
Quemper-Guézennec=Kemper-Gwezhenneg
Quemperven=Kemperven
Querrien=Kerien
Quessoy=Kesoue
Questembert=Kistreberzh
Quiberon=Kiberen
Quillio=Ar C’hillioù
Quilly=Killig
Quily=Killi
Quimper=Kemper
Quimperlé=Kemperle
Quintenic=Kistenid
Quintin=Kintin
Quiou=Ar C’haeoù
Quistinic=Kistinid
Québec=Kebek
Québriac=Kevrieg
Quédillac=Kedilieg
Quéménéven=Kemeneven
Quéven=Kewenn
Quévert=Kever
Rance=Renk
Rannée=Radenez
Redenac=Radeneg
Regrippière=Skouvlant
Relecq-Kerhuon=Ar Releg-Kerhuon
Remaudière=Kerravaot
Remouillé=Ruvelieg
Remungol=Remengol
Renac=Ranneg
Rennes=Roazhon
Retiers=Rester
Rezé=Reudied
Rheu=Reuz
Rhénanie-Palatinat=Rheinland-Pflaz
Riaillé=Rialeg
Riantec=Rianteg
Richardais=Kerricharzh-an-Arvor
Riec-sur-Belon=Rieg
Rieule=Rieul
Rieux=Reoz
Rimou=Rivoù
Roc-Saint-André=Roz-Sant-Andrev
Roche-Bernard=Ar Roc’h-Bernez
Roche-Blanche=Ar Roc’h-Wenn
Roche-Derrien=Ar Roc’h-Derrien
Roche-Maurice=Ar Roc’h-Morvan
Rochefort-en-Terre=Roc’h-an-Argoed
Rohan=Roc’han
Romagné=Rovenieg
Romazy=Rovazil
Rome=Roma
Romillé=Rovelieg
Roscanvel=Roskañvel
Roscoff=Rosko
Rosette=Rozed
Rosnoën=Rosloc’hen
Rospez=Rospezh
Rostrenen=Rostrenenn
Rouans=Rodent
Roudouallec=Roudoualleg
Rougé=Ruzieg
Rouillac=Rioleg
Roumanie=Roumania
Rouxière=Kerrouz
Royaume-Uni=Rouantelezh Unanet
Roz-Landrieux=Roz-Lanrieg
Roz-sur-Couesnon=Roz-an-Arvor
Ruca=Ruskad
Ruffiac=Rufieg
Ruffigné=Ruzinieg
Russie=Rusia
Rédené=Redene
Réguiny=Regini
Réminiac=Ruvenieg
Saffré=Saverieg
Sains=Sent
Saint-Abraham=Sant-Abran
Saint-Adrien=Sant-Rien
Saint-Agathon=Sant-Eganton
Saint-Aignan-Grandlieu=Sant-Enion-al-Lenn-Veur
Saint-Aignan=Sant-Inan
Saint-Alban=Sant-Alvan
Saint-Allouestre=Sant-Aleustr
Saint-André-Treize-Voies=Sant-Andrev-Trizek-Hent
Saint-André-des-Eaux=Sant-Andrev-an-Dour|Sant-Andrev-an-Doureier
Saint-Armel=Sant-Armael|Sant-Armael-ar-Gilli
Saint-Aubin-des-Châteaux=Sant-Albin-ar-C’hestell
Saint-Aubin-des-Landes=Sant-Albin-al-Lann
Saint-Aubin-du-Cormier=Sant-Albin-an-Hiliber
Saint-Aubin-du-Pavail=Sant-Albin-ar-Pavez
Saint-Aubin-d’Aubigné=Sant-Albin-Elvinieg
Saint-Avé=Sant-Teve
Saint-Barnabé=Sant-Barnev
Saint-Barthélémy=Bartelame
Saint-Benoît-des-Ondes=Lanwezoù
Saint-Bihy=Sant-Bic’hi
Saint-Brandan=Sant-Vedan
Saint-Briac-sur-Mer=Sant-Briag
Saint-Brice-en-Cogles=Sant-Brizh-Gougleiz
Saint-Brieuc-de-Mauron=Sant-Brieg-Maoron
Saint-Brieuc-des-Iffs=Sant-Brieg-an-Ivineg
Saint-Brieuc=Sant-Brieg
Saint-Broladre=Sant-Brewalaer
Saint-Brévin-les-Pins=Sant-Brewenn
Saint-Caradec-Tréglomel=Sant-Karadeg-Tregonvael
Saint-Caradec=Sant-Karadeg
Saint-Carné=Sant-Karneg
Saint-Carreuc=Sant-Kareg
Saint-Cast-le-Guildo=Sant-Kast-ar-Gwildoù
Saint-Christophe-de-Valains=Sant-Kristol-Gwalen
Saint-Christophe-des-Bois=Sant-Kristol-ar-C’hoad
Saint-Christophe-et-Niévès=Saint Kitts ha Nevis
Saint-Clet=Sant-Kleve
Saint-Colomban=Sant-Koulman
Saint-Congard=Sant-Kongar
Saint-Connan=Sant-Konan
Saint-Connec=Sant-Koneg
Saint-Coulitz=Sant-Kouled
Saint-Coulomb=Sant-Kouloum
Saint-Denoual=Sant-Denwal
Saint-Derrien=Sant-Derc’hen
Saint-Didier=Sant-Ider
Saint-Divy=Sant-Divi
Saint-Dolay=Sant-Aelwez
Saint-Domineuc=Landoveneg
Saint-Donan=Sant-Donan
Saint-Eloy=Sant-Alar
Saint-Erblon=Sant-Ervlon-an-Dezerzh
Saint-Etienne-de-Mer-Morte=Sant-Stefan-Melveurzh
Saint-Etienne-du-Bois=Sant-Stefan-ar-C’hoad
Saint-Etienne-du-Gué-de-l’Isle=Sant-Stefan-ar-Roudouz
Saint-Etienne-en-Coglès=Sant-Stefan-Gougleiz
Saint-Evarzec=Sant-Evarzeg
Saint-Fiacre-sur-Maine=Sant-Fieg-ar-Mewan
Saint-Fiacre=Sant-Fieg
Saint-Frégant=Sant-Fregan
Saint-Ganton=Sant-Weganton
Saint-Gelven=Sant-Jelven
Saint-Georges-de-Chesné=Sant-Jord-Kadeneg
Saint-Georges-de-Gréhaigne=Sant-Jord-Grehan
Saint-Georges-de-Reintembault=Sant-Jord-Restembaod
Saint-Germain-du-Pinel=Sant-Jermen-ar-Bineg
Saint-Germain-en-Coglès=Sant-Jermen-Gougleiz
Saint-Germain-sur-Ille=Sant-Jermen-an-Il
Saint-Gildas-de-Rhuys=Lokentaz
Saint-Gildas-des-Bois=Gweltaz-Lambrizig
Saint-Gildas=Sant-Weltaz
Saint-Gilles-Pligeaux=Sant-Jili-Plijo
Saint-Gilles-Vieux-Marché=Sant-Jili-ar-C’hozhvarc’had
Saint-Gilles-du-Mené=Sant-Jili-ar-Menez
Saint-Gilles-les-Bois=Sant-Jili-ar-C’hoad
Saint-Gilles=Sant-Jili-Roazhon
Saint-Glen=Sant-Glenn
Saint-Goazec=Sant-Wazeg
Saint-Gondran=Sant-Gondran
Saint-Gonlay=Sant-Gonlei
Saint-Gonnery=Sant-Goneri
Saint-Gorgon=Sant-Kogo
Saint-Gouéno=Sant-Gouenoù
Saint-Gravé=Sant-Gravez
Saint-Grégoire=Sant-Gregor
Saint-Guen=Sant-Wenn
Saint-Guinoux=Sant-Gwênoù
Saint-Guyomard=Sant-Gwioñvarc’h
Saint-Gérand=Sant-Jelan
Saint-Géréon=Sant-Gerent
Saint-Herblain=Sant-Ervlan
Saint-Herblon=Sant-Ervlon-ar-Roz
Saint-Hernin=Sant-Hern
Saint-Hervé=Sant-Herve
Saint-Hilaire-de-Chaléons=Sant-Eler-Kaleon
Saint-Hilaire-de-Clisson=Sant-Eler-Neved
Saint-Hilaire-des-Landes=Sant-Eler-al-Lann
Saint-Hélen=Sant-Haelen
Saint-Igeaux=Sant-Ijo
Saint-Jacques-de-la-Lande=Sant-Jakez-al-Lann
Saint-Jacques=Sant-Jakez
Saint-Jacut-de-la-Mer=Sant-Yagu-an-Enez
Saint-Jacut-du-Mené=Sant-Yagu-ar-Menez
Saint-Jacut-les-Pins=Sant-Yagu-ar-Bineg
Saint-Jean-Brévelay=Sant-Yann-Brevele
Saint-Jean-Kerdaniel=Sant-Yann-Gerdaniel
Saint-Jean-Trolimon=Sant-Yann-Drolimon
Saint-Jean-de-Boiseau=Sant-Yann-ar-Granneg
Saint-Jean-du-Doigt=Sant-Yann-ar-Biz
Saint-Jean-la-Poterie=Sant-Yann-ar-Wern
Saint-Jean-sur-Couesnon=Sant-Yann-ar-C’houenon
Saint-Jean-sur-Vilaine=Sant-Yann-ar-Gwilen
Saint-Joachim=Sant-Yoasin
Saint-Jouan-de-l’Isle=Sant-Yowan-an-Enez
Saint-Jouan-des-Guérets=Sant-Yowan-an-Havreg
Saint-Judoce=Sant-Yuzeg
Saint-Julien-de-Concelles=Sant-Juluan-Kankell
Saint-Julien-de-Vouvantes=Sant-Juluan-Gouwent
Saint-Julien=Sant-Juluan-Pentevr
Saint-Just=Sant-Yust
Saint-Juvat=Sant-Yuvad
Saint-Launeuc=Sant-Laoueneg
Saint-Laurent-sur-Oust=Sant-Laorañs-Graeneg
Saint-Laurent=Sant-Laorañs
Saint-Lormel=Sant-Loheñvel
Saint-Lumine-de-Clisson=Sant-Leven-Klison
Saint-Lumine-de-Coutais=Sant-Leven-Ar-C’hoad
Saint-Lunaire=Sant-Luner
Saint-Lyphard=Sant-Lefer
Saint-Léger-des-Prés=Sant-Lezer-ar-Pradeier
Saint-Léger-les-Vignes=Sant-Lezer-ar-Gwiniegi
Saint-Léry=Sant-Leri
Saint-Maden=Sant-Maden
Saint-Malo-de-Beignon=Sant-Maloù-Benion
Saint-Malo-de-Guersac=Sant-Maloù-Gwersac’h
Saint-Malo-de-Phily=Sant-Maloù-Fili
Saint-Malo-des-Troix-Fontaines=Sant-Maloù-an-Teir-Feunteun
Saint-Malo=Sant-Maloù
Saint-Malon-sur-Mel=Sant-Malon
Saint-Marc-le-Blanc=Sant-Mezar-Elvinieg
Saint-Marc-sur-Couesnon=Sant-Marzh-ar-C’houenon
Saint-Marcan=Sant-Marc’han
Saint-Marcel=Sant-Marc’hell
Saint-Marin=San Marino
Saint-Mars-de-Coutais=Sant-Marzh-ar-C’hoad
Saint-Mars-du-Désert=Sant-Marzh-an-Dezerzh
Saint-Mars-la-Jaille=Sant-Marzh-an-Olivenn
Saint-Martin-des-Champs=Sant-Martin-war-ar-Maez
Saint-Martin-des-Prés=Sant-Varzhin-Korle
Saint-Martin=Sant-Martin|Sant-Varzhin-an-Oud
Saint-Maudan=Sant-Maodan
Saint-Maudez=Sant-Maodez
Saint-Maugan=Sant-Malgant
Saint-Mayeux=Sant-Vaeg
Saint-Michel-Chef-Chef=Sant-Mikael-Keveger
Saint-Michel-de-Plélan=Sant-Mikael-Plelann
Saint-Michel-en-Grève=Lokmikael-an-Traezh
Saint-Molf=Sant-Molf
Saint-Médard-sur-Ille=Sant-Marzh-an-Il
Saint-Méen-le-Grand=Sant-Meven
Saint-Méen=Sant-Neven
Saint-Méloir-des-Bois=Sant-Melar
Saint-Méloir-des-Ondes=Sant-Meleg
Saint-Même-le-Tenu=Sant-Masen-ar-Porzh
Saint-M’Hervon=Lanvaelvon
Saint-M’Hervé=Sant-Merve
Saint-Nazaire=Sant-Nazer
Saint-Nic=Sant-Vig
Saint-Nicodème=Sant-Nigouden
Saint-Nicolas-de-Redon=Sant-Nikolaz-an-Hent
Saint-Nicolas-du-Pélem=Sant-Nikolaz-ar-Pelem
Saint-Nicolas-du-Tertre=Sant-Nikolaz-ar-Roz
Saint-Nicolas=Sant-Nikolaz
Saint-Nolff=Sant-Nolf
Saint-Onen-la-Chapelle=Santez-Onenn
Saint-Ouen-la-Rouërie=Sant-Owen-Reoger
Saint-Ouen-les-Alleux=Sant-Owen-an-Alloz
Saint-Pabu=Sant-Pabu
Saint-Pern=Sant-Pern
Saint-Perreux=Sant-Pereg
Saint-Philbert-de-Grand-Lieu=Sant-Filberzh-Deaz
Saint-Philibert=Lokfiliberzh
Saint-Pierre-Quiberon=Sant-Pêr-Kiberen
Saint-Pierre-de-Plesguen=Sant-Pêr-Plewenn
Saint-Pol-de-Léon=Kastell-Paol
Saint-Potan=Sant-Postan
Saint-Père-en-Retz=Sant-Pêr-Raez
Saint-Père=Sant-Pêr-Poualed
Saint-Péran=Sant-Pêran
Saint-Péver=Sant-Pever
Saint-Quay-Perros=Sant-Ke-Perroz
Saint-Quay-Portrieux=Sant-Ke-Porzh-Olued
Saint-Renan=Lokournan
Saint-Rieul=Sant-Rieg
Saint-Rivoal=Sant-Riwal
Saint-Rémy-du-Plain=Sant-Revig-ar-Plaen
Saint-Samson-sur-Rance=Sant-Samzun
Saint-Sauveur-des-Landes=Kersalver-al-Lann
Saint-Sauveur=An Dre-Nevez
Saint-Senoux=Sant-Senour
Saint-Servais=Sant-Servez
Saint-Servais=Sant-Servez-Kallag
Saint-Servant=Sant-Servant-an-Oud
Saint-Suliac=Sant-Suliav
Saint-Sulpice-des-Landes=Sant-Suleg-al-Lann
Saint-Sulpice-des-Landes=Sant-Suleg-al-Lanneier
Saint-Sulpice-la-Forêt=Sant-Suleg-ar-C’hoad
Saint-Sébastien-sur-Loire=Sant-Sebastian-an-Enk
Saint-Ségal=Sant-Segal
Saint-Séglin=Sant-Sewenn
Saint-Thois=Santoz
Saint-Thonan=Sant-Tonan
Saint-Thual=Sant-Tual
Saint-Thurial=Sant-Turiav-Porc’hoed
Saint-Thuriau=Sant-Turiav
Saint-Thurien=Sant-Turian
Saint-Thégonnec=Sant-Tegoneg
Saint-Thélo=Sant-Teliav
Saint-Trimoël=Sant-Rivoued
Saint-Tugdual=Sant-Tudal
Saint-Uniac=Sant-Tewiniav
Saint-Urbain=Lannurvan
Saint-Viaud=Sant-Widel-Skovrid
Saint-Vincent-des-Landes=Sant-Visant-al-Lann
Saint-Vincent-sur-Oust=Sant-Visant-an-Oud
Saint-Vougay=Sant-Nouga
Saint-Vran=Sant-Vran
Saint-Yvi=Sant-Ivi
Saint-Étienne-de-Montluc=Sant-Stefan-Brengoloù
Saint=Ar Sent
Sainte-Anne-d’Auray=Santez-Anna-Wened
Sainte-Anne-sur-Brivet=Santez-Anna-ar-Brived
Sainte-Anne-sur-Vilaine=Santez-Anna-ar-Gwilen
Sainte-Anne=Santez-Anna
Sainte-Brigitte=Berc’hed
Sainte-Colombe=Santez-Koulm
Sainte-Hélène=Santez-Elen
Sainte-Luce-sur-Loire=Santez-Lusenn
Sainte-Marie=Lokmaria-Redon
Sainte-Pazanne=Santez-Pezhenn
Sainte-Sève=Sant-Seo
Sainte-Tréphine=Sant-Trifin
Salvador=El Salvador
Santec=Santeg
Sarre=Sar
Sarzeau=Sarzhav
Saulnières=Saoner
Sautron=Saotron
Sauzon=Saozon
Savenay=Savenneg
Scaër=Skaer
Scrignac=Skrigneg
Seiche=Sec’h
Sein=Enez-Sun
Sel-de-Bretagne=Ar Sal
Selle-Guerchaise=Kell-Gwerc’h
Selle-en-Coglès=Kell-Gougleiz
Selle-en-Luitré=Kell-Loezherieg
Semnon=Sevnon
Sens-de-Bretagne=Sen
Senven-Léhart=Senven-Lehard
Serbie=Serbia
Serein=Seren
Servon-sur-Vilaine=Servon
Seychelles=Sechelez
Sibiril=Sibirill
Sicile=Sikilia
Silfiac=Silieg
Sion-les-Mines=Hezin-ar-Mengleuzioù
Sixt-sur-Aff=Seizh
Slovaquie=Slovakia
Slovénie=Slovenia
Somalie=Somalia
Sorinières=Kersoren
Soudan=Saoudan
Sougeal=Sulial
Soulvache=Soulvac’h
Sourn=Ar Sorn
Spézet=Speied
Squiffiec=Skiñvieg
Ste-Reine-de-Bretagne=Santez-Rouanez-Breizh
Steir=Stêr Deir
Sucé-sur-Erdre=Sulieg
Suisse=Suis
Sulniac=Sulnieg
Suriname=Surinam
Surzur=Surzhur
Suède=Sveden
Swansea=Abertawe
Syl=Sil
Syrie=Siria
Séglien=Seglian
Séné=Sine
Sénégal=Senegal
Sérent=Serent
Sévignac=Sevinieg
Sévérac=Severeg
Taillis=Talieg
Talensac=Talenseg
Tanzanie=Tanzania
Taulé=Taole
Taupont=Talbont
Tchéquie=Tchekia
Teillay=Tilheg
Teillé=Tilhieg
Telgruc=Terrug
Temple-de-Bretagne=Templ-Breizh
Thaïlande=Thailand
Theil-de-Bretagne=An Tilh
Theix=Teiz
Thorigné-Fouillard=Torigneg-Fouilharzh
Thouaré-sur-Loire=Tarvieg
Thourie=Tourig
Théhillac=Teieleg
Tiercent=An Tergant
Tinténiac=Tintenieg
Tonquédec=Tonkedeg
Torcé=Tourc’heg
Touches=An Dosenneg
Toulouse=Tolosa
Tour-du-Parc=Tro-Park
Tours=Teurgn
Touvois=Tolvez
Tramain=Tremaen
Trans-sur-Erdre=Treant-an-Erzh
Trans=Treant-Felger
Transylvanie=Treuzsilvania
Treffendel=Trevendel
Treffiagat=Triagad
Treffieux=Trefieg
Treffléan=Trevlean
Treffrin=Trefrin
Treillières=Trelier
Tremblay=Kreneg
Tresboeuf=Trevo
Tressignaux=Tresigne
Tressé=Trese
Trieux=Trev
Trignac=Trinieg
Trimer=Tremeur
Trinité-Porhoët=An Drinded-Porc’hoed
Trinité-Surzur=An Drinded-Surzhur
Trinité-sur-Mer=An Drinded-Karnag
Troguéry=Trogeri
Tronchet=Ar Granneg
Tréal=Treal
Trébabu=Trebabu
Trébeurden=Trebeurden
Trébrivan=Trabrivan
Trébry=Trebrid
Trébédan=Trebêran
Trédaniel=Trezeniel
Trédarzec=Tredarzeg
Trédias=Trediarn
Trédion=Tredion
Trédrez-Locquémeau=Tredraezh-Lokemo
Tréduder=Treduder
Tréflaouenan=Trelaouenan
Tréflez=Trelez
Tréflévénez=Trelevenez
Tréfumel=Trefermael
Trégarantec=Tregaranteg
Trégarvan=Tregarvan
Trégastel=Tregastell
Tréglamus=Treglañviz
Tréglonou=Treglonoù
Trégomeur=Tregonveur
Trégon=Tregon-Poudour
Trégonneau=Tregonev
Trégor-Goëlo=Treger-Goueloù
Trégor=Bro Dreger
Trégor=Treger
Trégor=Treger
Trégor=bro-Dreger
Trégourez=Tregourez
Tréguennec=Tregeneg
Trégueux=Tregaeg
Tréguidel=Tregedel
Tréguier=Landreger
Trégunc=Tregon
Tréhorenteuc=Trec’horanteg
Tréhou=An Treoù-Leon
Trélivan=Trelivan
Trélévern=Trelêvern
Trémaouezan=Tremaouezan
Trémargat=Tremargad
Trémeheuc=Tremaeg
Trémel=Tremael
Trémeur=Treveur
Trémorel=Tremorae
Trémuson=Tremuzon
Tréméloir=Tremelar
Tréméoc=Tremeog
Tréméreuc=Tremereg
Tréméven=Tremeven
Tréméven=Tremeven-Goueloù
Tréogan=Treogan
Tréogat=Trêgad
Tréouergat=Treouergad
Tréveneuc=Treveneg
Trévou-Tréguignec=An Trevoù
Trévoux=An Treoù-Kerne
Trévron=Treveron
Trévé=Treve
Trévérec=Trevereg
Trévérien=Treverian
Trézilidé=Trezilide
Trézény=Trezeni
Tudy=Enez-Tudi
Tunisie=Tunizia
Turballe=An Turball
Turkménistan=Turkmenistan
Turquie=Turkia
Ukraine=Ukraina
Urne=Urn
Val-d’Izé=Nant-Izeg
Vallet=Gwaled
Vannes=Gwened
Varades=Gwared
Vatican=Keoded ar Vatikan
Vatican=Vatikan
Vay=Gwez
Vendel=Gwennel
Vendée=Vande
Verger=Gwerzher
Vergéal=Gwerial
Vern-sur-Seiche=Gwern-ar-Sec’h
Vertou=Gwerzhav
Vicomté-sur-Rance=Kerveskont
Vieillevigne=Henwinieg
Vieux-Bourg=Bourc’h-Kintin
Vieux-Marché=Ar C’houerc’had
Vieux-Viel=Henwiel
Vieux-Vy-sur-Couesnon=Henwig-ar-C’houenon
Vigneux-de-Bretagne=Gwinieg-Breizh
Vignoc=Gwinieg
Vilaine=Gwilen
Vildé-Guingalan=Gwilde-Gwengalon
Villamée=Gwilavez
Ville-ès-Nonais=Kerlean
Villepot=Kerbod
Visseiche=Gwisec’h
Vitré=Gwitreg
Vivier-sur-Mer=Gwiver
Vraie-Croix=Langroez
Vritz=Gwerid
Vue=Gwagenez
Vézin-le-Coquet=Gwezin
Yffiniac=Ilfinieg
Yougoslavie=Yougoslavia
Yvias=Eviaz
Yvignac-la-Tour=Ivinieg
Yémen=Yemen
Zambie=Zambia
Zélande=Zeland
Écosse=Skos
Écosse=bro-Skos
Édimbourg=Dinedin
Égypte=Egipt
Équateur=Ecuador
Érythrée=Eritrea
Étables-sur-Mer=Staol
Éthiopie=Etiopia
Île-Molène=Molenez
