# Used by GermanCompoundRule and SwissCompoundRule.
# All words must contain at least one hyphen, even if the
# word is usually not spelled with a hyphen.
# "+" at the end of the line will turn off the suggestion that
# uses a hyphen.
# "*" at the end of the line will only suggest hyphenated words.
# Quelle: words with "-" from https://de.wikipedia.org/wiki/Liste_der_St%C3%A4dte_in_Deutschland
# License: Creative-Commons-Lizenz Attribution-ShareAlike 3.0 Unported
Annaberg-Buchholz*
Auma-Weidatal*
Auma-Weidatals*
Colberg-Heldburg*
Colberg-Heldburgs*
Baden-Baden*
Baden-Badens*
Gottleuba-Berggießhübel*
Gottleuba-Berggießhübels*
Neuenahr-Ahrweiler*
Neuenahr-Ahrweilers*
Soden-Salmünster*
Soden-Salmünsters*
Sooden-Allendorf*
Sooden-Allendorfs*
Teinach-Zavelstein*
Teinach-Zavelsteins*
Belgern-Schildau*
Belgern-Schildaus*
Bernkastel-Kues*
Bietigheim-Bissingen*
Bietigheim-Bissingens*
Bitterfeld-Wolfen*
Bitterfeld-Wolfens*
Brand-Erbisdorf*
Brand-Erbisdorfs*
Brotterode-Trusetal*
Brotterode-Trusetals*
Castrop-Rauxel*
Castrop-Rauxels*
Clausthal-Zellerfeld*
Clausthal-Zellerfelds*
Dessau-Roßlau*
Dessau-Roßlaus*
Doberlug-Kirchhain*
Doberlug-Kirchhains*
Dornburg-Camburg*
Dornburg-Camburgs*
Ebersbach-Neugersdorf*
Ebersbach-Neugersdorfs*
Gau-Algesheim*
Gau-Algesheims*
Ginsheim-Gustavsburg*
Ginsheim-Gustavsburgs*
Groß-Bieberau*
Groß-Bieberaus*
Groß-Gerau*
Groß-Geraus*
Groß-Umstadt*
Groß-Umstadts*
Grünhain-Beierfeld*
Grünhain-Beierfelds*
Hohenstein-Ernstthal*
Hohenstein-Ernstthals*
Höhr-Grenzhausen*
Höhr-Grenzhausens*
Horn-Meinberg*
Horn-Meinbergs*
Idar-Oberstein*
Idar-Obersteins*
Kamp-Lintfort*
Kamp-Lintforts*
Kohren-Sahlis*
Königsee-Rottenbach*
Königsee-Rottenbachs*
Korntal-Münchingen*
Korntal-Münchingens*
Lauda-Königshofen*
Lauda-Königshofens*
Lauter-Bernsbach*
Lauter-Bernsbachs*
Leinefelde-Worbis*
Leinfelden-Echterdingen*
Leinfelden-Echterdingens*
Limbach-Oberfrohna*
Limbach-Oberfrohnas*
Maxhütte-Haidhof*
Maxhütte-Haidhofs*
Mörfelden-Walldorf*
Mörfelden-Walldorfs*
Mülheim-Kärlich*
Mülheim-Kärlichs*
Neu-Anspach*
Neu-Anspachs*
Neu-Isenburg*
Neu-Isenburgs*
Neukirchen-Vluyn*
Neukirchen-Vluyns*
# Neumarkt-Sankt Veit:
Neumarkt-Sankt*
Neumarkt-Sankts*
Neusalza-Spremberg*
Neusalza-Sprembergs*
Neustadt-Glewe*
Neustadt-Glewes*
Neu-Ulm*
Neu-Ulms*
Nieder-Olm*
Nieder-Olms*
Ober-Ramstadt*
Ober-Ramstadts*
Oebisfelde-Weferlingen*
Oebisfelde-Weferlingens*
Oer-Erkenschwick*
Oer-Erkenschwicks*
Oestrich-Winkel*
Oestrich-Winkels*
Oranienbaum-Wörlitz*
Osterholz-Scharmbeck*
Osterholz-Scharmbecks*
Pausa-Mühltroff*
Pausa-Mühltroffs*
Pockau-Lengefeld*
Pockau-Lengefelds*
Raguhn-Jeßnitz*
Ramstein-Miesenbach*
Ramstein-Miesenbachs*
Ransbach-Baumbach*
Ransbach-Baumbachs*
Regis-Breitingen*
Regis-Breitingens*
Rehburg-Loccum*
Rehburg-Loccums*
Remda-Teichel*
Remda-Teichels*
Rheda-Wiedenbrück*
Rheda-Wiedenbrücks*
Ribnitz-Damgarten*
Ribnitz-Damgartens*
Saalburg-Ebersdorf*
Saalburg-Ebersdorfs*
Sandersdorf-Brehna*
Sandersdorf-Brehnas*
Schieder-Schwalenberg*
Schieder-Schwalenbergs*
Schirgiswalde-Kirschau*
Schirgiswalde-Kirschaus*
# Schloß Holte-Stukenbrock:
Holte-Stukenbrock*
Holte-Stukenbrocks*
Steinbach-Hallenberg*
Steinbach-Hallenbergs*
Sulzbach-Rosenberg*
Sulzbach-Rosenbergs*
Tambach-Dietharz*
Titisee-Neustadt*
Titisee-Neustadts*
Traben-Trarbach*
Traben-Trarbachs*
Übach-Palenberg*
Übach-Palenbergs*
Uebigau-Wahrenbrück*
Uebigau-Wahrenbrücks*
Villingen-Schwenningen*
Villingen-Schwenningens*
Waldshut-Tiengen*
Waldshut-Tiengens*
Wanzleben-Börde*
Wanzleben-Bördes*
Wettin-Löbejün*
Wettin-Löbejüns*
Wilkau-Haßlau*
Wilkau-Haßlaus*
Wolframs-Eschenbach*
Wolframs-Eschenbachs*
Zahna-Elster*
Zahna-Elsters*
Zella-Mehlis*
Zeulenroda-Triebes*
Garmisch-Partenkirchen*
Garmisch-Partenkirchens*
Saalbach-Hinterglemm*
Saalbach-Hinterglemms*
Friedrichshain-Kreuzberg*
Tempelhof-Schöneberg*
Peter-Ording*
Wenningstedt-Braderup*
Berlin-Mitte*
Berlin-Mittes*
Berlin-Spandau*
Berlin-Spandaus*
Berlin-Pankow*
Berlin-Pankows*
Berlin-Neukölln*
Berlin-Neuköllns*
Berlin-Lichtenberg*
Berlin-Lichtenbergs*
Berlin-Reinickendorf*
Berlin-Reinickendorfs*
Marzahn-Hellersdorf*
Marzahn-Hellersdorfs*
Treptow-Köpenick*
Treptow-Köpenicks*
Steglitz-Zehlendorf*
Steglitz-Zehlendorfs*
Charlottenburg-Wilmersdorf*
Charlottenburg-Wilmersdorfs*
Tempelhof-Schöneberg*
Tempelhof-Schönebergs*
Henstedt-Ulzburg*
Henstedt-Ulzburgs*
Wanne-Eickel*
Wanne-Eickels*
Erftstadt-Blessem*
Rhein-Erft-Kreis*
Rhein-Erft-Kreises*
Frankfurt-Egelsbach*
Frankfurt-Egelsbachs*
Eggenstein-Leopoldshafen*
Eggenstein-Leopoldshafens*
Dortmund-Mengede*
Dortmund-Mengedes*
Berlin-Weißensee*
Berlin-Weißensees*
Schweiz-Osterzgebirge*
Saint-Nazaire*
Monte-Carlo*
Monte-Carlos*
Chaux-de-Fonds*
Hamburg-Schnelsen*
Hamburg-Schnelsens*
Spiesen-Elversberg*
Spiesen-Elversbergs*